{
  "items": {
    "crystal": {
      "sell_price": 100000,
      "buy_price": 200000,
      "id": "crystal"
    },
    "pickaxe": {
      "buy_price": 100000,
      "sell_price": 50000,
      "id": "pick"
    },
    "axe": {
      "buy_price": 50000,
      "sell_price": 25000,
      "id": "axe"
    }
  },
  "pays": {
    "workPay": {
      "min": 500,
      "max": 1500
    },
    "crimePay": {
      "min": 1000,
      "max": 2000
    },
    "minePay": {
      "min": 20000,
      "max": 30000
    },
    "lumberPay": {
      "min": 5000, 
      "max": 15000
    }
  }
}
